"SampleID","BioSampleID","ComClustID","Env_cons","SeqTech_cons","Temperature_C_mean","Latitude","pH","Depth_metres_mean","Richness","Temp_bin","AbsLatitude","LatRegion","Zone","n_bin"
"SRR6479645.SRS2840546","SRS2840546","SGRP5140","aquatic","AMPLICON",1.66666666666667,-8.6232,NA,NA,288,2,8.6232,"Tropics_Subtropics","tropical",4
"SRR6479601.SRS2840590","SRS2840590","SGRP5140","aquatic","AMPLICON",1.66666666666667,-8.6232,NA,NA,256,2,8.6232,"Tropics_Subtropics","tropical",4
"SRR5190084.SRS1930182","SRS1930182","SGRP158008","aquatic","AMPLICON",2,12.919,NA,64.0766666666667,367,2,12.919,"Tropics_Subtropics","tropical",4
"SRR5190117.SRS1930215","SRS1930215","SGRP158008","aquatic","AMPLICON",2,12.919,NA,64.0766666666667,302,2,12.919,"Tropics_Subtropics","tropical",4
"SRR6342057.SRS2731137","SRS2731137","SGRP198998","aquatic","AMPLICON",3.625,27.38837,NA,NA,709,4,27.38837,"Tropics_Subtropics","tropical",2
"SRR6074027.SRS2539534","SRS2539534","SGRP70220","aquatic;lake","AMPLICON",3.97549019607843,15.13638889,8.17549019607843,1.52103448275862,928,4,15.13638889,"Tropics_Subtropics","tropical",2
"SRR6230166.SRS2640920","SRS2640920","SGRP28270","aquatic","AMPLICON",7.47777777777778,25.132,7.0125,0.1,488,7,25.132,"Tropics_Subtropics","tropical",4
"SRR6230157.SRS2640832","SRS2640832","SGRP28270","aquatic","AMPLICON",7.47777777777778,25.161,7.0125,0.1,488,7,25.161,"Tropics_Subtropics","tropical",4
"SRR6230163.SRS2640895","SRS2640895","SGRP28270","aquatic","AMPLICON",7.47777777777778,25.134,7.0125,0.1,521,7,25.134,"Tropics_Subtropics","tropical",4
"SRR6230161.SRS2640894","SRS2640894","SGRP28270","aquatic","AMPLICON",7.47777777777778,25.163,7.0125,0.1,548,7,25.163,"Tropics_Subtropics","tropical",4
"SRR5874726.SRS2231960","SRS2231960","SGRP10411","aquatic","AMPLICON",7.85,25.67,NA,1.83333333333333,472,8,25.67,"Tropics_Subtropics","tropical",3
"SRR5713972.SRS2356332","SRS2356332","SGRP35329","aquatic","AMPLICON",8.5,29.12,NA,NA,527,8,29.12,"Tropics_Subtropics","tropical",3
"SRR5713971.SRS2356330","SRS2356330","SGRP35329","aquatic","AMPLICON",8.5,29.12,NA,NA,487,8,29.12,"Tropics_Subtropics","tropical",3
"ERR1879663.ERS493713","ERS493713","SGRP253411","aquatic","AMPLICON",8.911481,14.1468,NA,375,1725,9,14.1468,"Tropics_Subtropics","tropical",1
"SRR3727159.SRS1529892","SRS1529892","SGRP362257","aquatic","AMPLICON",10,22.05,NA,NA,180,10,22.05,"Tropics_Subtropics","tropical",2
"SRR1929508.SRS883810","SRS883810","SGRP31717","aquatic","AMPLICON",10.383915855,23.43,NA,929.066666666667,259,10,23.43,"Tropics_Subtropics","tropical",2
"SRR3476628.SRS1422447","SRS1422447","SGRP395222","aquatic;estuary","AMPLICON",11,22.05,NA,NA,462,11,22.05,"Tropics_Subtropics","tropical",2
"SRR3476627.SRS1422446","SRS1422446","SGRP395222","aquatic;estuary","AMPLICON",11,22.05,NA,NA,399,11,22.05,"Tropics_Subtropics","tropical",2
"ERR1771485.ERS1488759","ERS1488759","SGRP350833","aquatic","AMPLICON",11.6,21.4336,NA,8,1817,12,21.4336,"Tropics_Subtropics","tropical",3
"ERR1771525.ERS1488799","ERS1488799","SGRP350890","aquatic","AMPLICON",11.6,21.4336,NA,8,1552,12,21.4336,"Tropics_Subtropics","tropical",3
"ERR1771528.ERS1488802","ERS1488802","SGRP350890","aquatic","AMPLICON",11.6,21.0463,NA,8,1565,12,21.0463,"Tropics_Subtropics","tropical",3
"SRR5446647.SRS2123007","SRS2123007","SGRP86430","aquatic;river","AMPLICON",13,24.631,NA,NA,525,13,24.631,"Tropics_Subtropics","tropical",4
"SRR5446660.SRS2123012","SRS2123012","SGRP86430","aquatic;river","AMPLICON",13,24.7,NA,NA,433,13,24.7,"Tropics_Subtropics","tropical",4
"SRR5446717.SRS2123051","SRS2123051","SGRP86430","aquatic;river","AMPLICON",13,24.631,NA,NA,475,13,24.631,"Tropics_Subtropics","tropical",4
"SRR5446701.SRS2123035","SRS2123035","SGRP86430","aquatic;river","AMPLICON",13,24.66,NA,NA,441,13,24.66,"Tropics_Subtropics","tropical",4
"SRR3292622.SRS1361079","SRS1361079","SGRP36387","aquatic;lake","AMPLICON",13.6666666666667,25,NA,NA,581,14,25,"Tropics_Subtropics","tropical",6
"SRR8294214.SRS4120951","SRS4120951","SGRP13946","aquatic","AMPLICON",14.0891,14,NA,197.866666666667,577,14,14,"Tropics_Subtropics","tropical",6
"ERR2599731.ERS2513810","ERS2513810","SGRP13946","aquatic","AMPLICON",14.0891,-17.1666098,NA,197.866666666667,606,14,17.1666098,"Tropics_Subtropics","tropical",6
"ERR2599720.ERS2513799","ERS2513799","SGRP13946","aquatic","AMPLICON",14.0891,-20.7498995,NA,197.866666666667,606,14,20.7498995,"Tropics_Subtropics","tropical",6
"SRR8291557.SRS4115797","SRS4115797","SGRP13946","aquatic","AMPLICON",14.0891,16.9973,NA,197.866666666667,887,14,16.9973,"Tropics_Subtropics","tropical",6
"SRR8291550.SRS4115804","SRS4115804","SGRP13946","aquatic","AMPLICON",14.0891,9.0001,NA,197.866666666667,858,14,9.0001,"Tropics_Subtropics","tropical",6
"SRR6424907.SRS2792083","SRS2792083","SGRP22427","aquatic","AMPLICON",14.975,21.9,7.03333333333333,647.578823529412,2287,15,21.9,"Tropics_Subtropics","tropical",11
"SRR6004937.SRS2491198","SRS2491198","SGRP22427","aquatic","AMPLICON",14.975,28.6,7.03333333333333,647.578823529412,613,15,28.6,"Tropics_Subtropics","tropical",11
"SRR3135387.SRS1270039","SRS1270039","SGRP30277","aquatic","AMPLICON",15,6.54219503178906,NA,0.05,464,15,6.54219503178906,"Tropics_Subtropics","tropical",11
"SRR3135388.SRS1270038","SRS1270038","SGRP30277","aquatic","AMPLICON",15,6.54219503178906,NA,0.05,596,15,6.54219503178906,"Tropics_Subtropics","tropical",11
"ERR1879659.ERS489024","ERS489024","SGRP253414","aquatic","AMPLICON",15.0776,17.4857,NA,285,477,15,17.4857,"Tropics_Subtropics","tropical",11
"ERR1879883.ERS489024","ERS489024","SGRP253414","aquatic","AMPLICON",15.0776,17.4857,NA,285,570,15,17.4857,"Tropics_Subtropics","tropical",11
"ERR1879838.ERS489024","ERS489024","SGRP253414","aquatic","AMPLICON",15.0776,17.4857,NA,285,703,15,17.4857,"Tropics_Subtropics","tropical",11
"ERR1879805.ERS489024","ERS489024","SGRP253414","aquatic","AMPLICON",15.0776,17.4857,NA,285,533,15,17.4857,"Tropics_Subtropics","tropical",11
"ERR1879665.ERS489024","ERS489024","SGRP253414","aquatic","AMPLICON",15.0776,17.4857,NA,285,1018,15,17.4857,"Tropics_Subtropics","tropical",11
"SRR2147711.SRS1024446","SRS1024446","SGRP6905","aquatic","AMPLICON",15.14,-13.000722,8.19,0.45,406,15,13.000722,"Tropics_Subtropics","tropical",11
"DRR160962.DRS080630","DRS080630","SGRP44102","aquatic","AMPLICON",15.315,26.654,NA,269.8,478,15,26.654,"Tropics_Subtropics","tropical",11
"ERR1772224.ERS1490085","ERS1490085","SGRP3194","aquatic","AMPLICON",16.2142857142857,9.354444,7.73716666666667,3.90909090909091,1549,16,9.354444,"Tropics_Subtropics","tropical",3
"SRR3145917.SRS1276302","SRS1276302","SGRP3194","aquatic","AMPLICON",16.2142857142857,12.07,7.73716666666667,3.90909090909091,245,16,12.07,"Tropics_Subtropics","tropical",3
"ERR1772226.ERS1490087","ERS1490087","SGRP3194","aquatic","AMPLICON",16.2142857142857,9.353333,7.73716666666667,3.90909090909091,1280,16,9.353333,"Tropics_Subtropics","tropical",3
"SRR5251699.SRS1974804","SRS1974804","SGRP215297","aquatic","AMPLICON",17,22.19,NA,NA,730,17,22.19,"Tropics_Subtropics","tropical",3
"SRR5251759.SRS1974816","SRS1974816","SGRP215297","aquatic","AMPLICON",17,22.19,NA,NA,693,17,22.19,"Tropics_Subtropics","tropical",3
"SRR5252274.SRS1975374","SRS1975374","SGRP215297","aquatic","AMPLICON",17,22.79,NA,NA,719,17,22.79,"Tropics_Subtropics","tropical",3
"ERR1773423.ERS1490952","ERS1490952","SGRP332719","aquatic","AMPLICON",17.9888888888889,12.120967,NA,15.0643137254902,1562,18,12.120967,"Tropics_Subtropics","tropical",6
"ERR1879780.ERS491570","ERS491570","SGRP231805","aquatic","AMPLICON",18.2006533333333,-29.6267,NA,161.666666666667,1656,18,29.6267,"Tropics_Subtropics","tropical",6
"ERR1879789.ERS491670","ERS491670","SGRP231805","aquatic","AMPLICON",18.2006533333333,-28.2203,NA,161.666666666667,1289,18,28.2203,"Tropics_Subtropics","tropical",6
"ERR1756212.ERS491572","ERS491572","SGRP231805","aquatic","AMPLICON",18.2006533333333,-29.6267,NA,161.666666666667,1992,18,29.6267,"Tropics_Subtropics","tropical",6
"ERR1879902.ERS491670","ERS491670","SGRP231805","aquatic","AMPLICON",18.2006533333333,-28.2203,NA,161.666666666667,1751,18,28.2203,"Tropics_Subtropics","tropical",6
"ERR1756229.ERS491572","ERS491572","SGRP231805","aquatic","AMPLICON",18.2006533333333,-29.6267,NA,161.666666666667,1278,18,29.6267,"Tropics_Subtropics","tropical",6
"ERR1879719.ERS489002","ERS489002","SGRP231776","aquatic","AMPLICON",19.0016936875,17.4855,NA,41.6875,2187,19,17.4855,"Tropics_Subtropics","tropical",1
"ERR1774937.ERS1492829","ERS1492829","SGRP332795","aquatic","AMPLICON",20,24.957076,NA,3.66666666666667,832,20,24.957076,"Tropics_Subtropics","tropical",7
"ERR1774939.ERS1492831","ERS1492831","SGRP332795","aquatic","AMPLICON",20,24.957076,NA,3.66666666666667,778,20,24.957076,"Tropics_Subtropics","tropical",7
"SRR3295210.SRS1361765","SRS1361765","SGRP72151","aquatic;river","AMPLICON",20,10.198333,7.72333333333333,NA,767,20,10.198333,"Tropics_Subtropics","tropical",7
"SRR3295206.SRS1361763","SRS1361763","SGRP72151","aquatic;river","AMPLICON",20,1.818333,7.72333333333333,NA,2516,20,1.818333,"Tropics_Subtropics","tropical",7
"SRR3295209.SRS1361765","SRS1361765","SGRP72151","aquatic;river","AMPLICON",20,10.198333,7.72333333333333,NA,931,20,10.198333,"Tropics_Subtropics","tropical",7
"SRR3295208.SRS1361763","SRS1361763","SGRP72151","aquatic;river","AMPLICON",20,1.818333,7.72333333333333,NA,1111,20,1.818333,"Tropics_Subtropics","tropical",7
"SRR3295207.SRS1361763","SRS1361763","SGRP72151","aquatic;river","AMPLICON",20,1.818333,7.72333333333333,NA,1423,20,1.818333,"Tropics_Subtropics","tropical",7
"SRR5711519.SRS2294844","SRS2294844","SGRP106860","aquatic","AMPLICON",20.6,22.336,NA,NA,1155,21,22.336,"Tropics_Subtropics","tropical",3
"SRR3925013.SRS1565709","SRS1565709","SGRP2695","aquatic","AMPLICON",20.6944583333333,24.294,7.19769230769231,0.134285714285714,1323,21,24.294,"Tropics_Subtropics","tropical",3
"SRR5281921.SRS1999285","SRS1999285","SGRP2695","aquatic","AMPLICON",20.6944583333333,21.290551,7.19769230769231,0.134285714285714,1132,21,21.290551,"Tropics_Subtropics","tropical",3
"ERR867756.ERS667636","ERS667636","SGRP162398","aquatic","AMPLICON",21.7715333333333,-27.2,NA,14.5,1221,22,27.2,"Tropics_Subtropics","tropical",22
"ERR1756148.ERS493810","ERS493810","SGRP231783","aquatic","AMPLICON",21.9850743333333,6.3374,NA,66.9444444444444,924,22,6.3374,"Tropics_Subtropics","tropical",22
"ERR1756029.ERS493810","ERS493810","SGRP231783","aquatic","AMPLICON",21.9850743333333,6.3374,NA,66.9444444444444,778,22,6.3374,"Tropics_Subtropics","tropical",22
"ERR1756137.ERS493153","ERS493153","SGRP231783","aquatic","AMPLICON",21.9850743333333,6.8299,NA,66.9444444444444,648,22,6.8299,"Tropics_Subtropics","tropical",22
"ERR1759719.ERS492314","ERS492314","SGRP231783","aquatic","AMPLICON",21.9850743333333,-1.7942,NA,66.9444444444444,630,22,1.7942,"Tropics_Subtropics","tropical",22
"ERR1756129.ERS493976","ERS493976","SGRP231783","aquatic","AMPLICON",21.9850743333333,25.5896,NA,66.9444444444444,967,22,25.5896,"Tropics_Subtropics","tropical",22
"ERR1756239.ERS494045","ERS494045","SGRP231783","aquatic","AMPLICON",21.9850743333333,29.6757,NA,66.9444444444444,889,22,29.6757,"Tropics_Subtropics","tropical",22
"ERR1756324.ERS489411","ERS489411","SGRP231783","aquatic","AMPLICON",21.9850743333333,-21.4801,NA,66.9444444444444,726,22,21.4801,"Tropics_Subtropics","tropical",22
"ERR1756344.ERS492313","ERS492313","SGRP231783","aquatic","AMPLICON",21.9850743333333,-1.7942,NA,66.9444444444444,780,22,1.7942,"Tropics_Subtropics","tropical",22
"SRR8190838.SRS4044394","SRS4044394","SGRP132357","aquatic","AMPLICON",22.1744523809524,27.60889,NA,457.452380952381,717,22,27.60889,"Tropics_Subtropics","tropical",22
"SRR8190806.SRS4044426","SRS4044426","SGRP132357","aquatic","AMPLICON",22.1744523809524,16.4177,NA,457.452380952381,745,22,16.4177,"Tropics_Subtropics","tropical",22
"SRR8190818.SRS4044414","SRS4044414","SGRP132357","aquatic","AMPLICON",22.1744523809524,20.0767,NA,457.452380952381,716,22,20.0767,"Tropics_Subtropics","tropical",22
"SRR8190821.SRS4044411","SRS4044411","SGRP132357","aquatic","AMPLICON",22.1744523809524,20.0767,NA,457.452380952381,716,22,20.0767,"Tropics_Subtropics","tropical",22
"SRR8190988.SRS4044244","SRS4044244","SGRP132357","aquatic","AMPLICON",22.1744523809524,17.73575,NA,457.452380952381,658,22,17.73575,"Tropics_Subtropics","tropical",22
"SRR8190817.SRS4044415","SRS4044415","SGRP132357","aquatic","AMPLICON",22.1744523809524,20.0767,NA,457.452380952381,663,22,20.0767,"Tropics_Subtropics","tropical",22
"SRR8190773.SRS4044459","SRS4044459","SGRP132357","aquatic","AMPLICON",22.1744523809524,18.97355,NA,457.452380952381,636,22,18.97355,"Tropics_Subtropics","tropical",22
"SRR8190777.SRS4044455","SRS4044455","SGRP132357","aquatic","AMPLICON",22.1744523809524,27.59056,NA,457.452380952381,753,22,27.59056,"Tropics_Subtropics","tropical",22
"SRR8190850.SRS4044382","SRS4044382","SGRP132357","aquatic","AMPLICON",22.1744523809524,20.07805,NA,457.452380952381,646,22,20.07805,"Tropics_Subtropics","tropical",22
"SRR8190815.SRS4044417","SRS4044417","SGRP132357","aquatic","AMPLICON",22.1744523809524,21.33121,NA,457.452380952381,656,22,21.33121,"Tropics_Subtropics","tropical",22
"SRR8190987.SRS4044245","SRS4044245","SGRP132357","aquatic","AMPLICON",22.1744523809524,17.73575,NA,457.452380952381,663,22,17.73575,"Tropics_Subtropics","tropical",22
"SRR8190802.SRS4044430","SRS4044430","SGRP132357","aquatic","AMPLICON",22.1744523809524,16.4177,NA,457.452380952381,819,22,16.4177,"Tropics_Subtropics","tropical",22
"ERR2599738.ERS2513817","ERS2513817","SGRP13918","aquatic","AMPLICON",22.4505142857143,-17.2627413,NA,35.4857142857143,681,22,17.2627413,"Tropics_Subtropics","tropical",22
"ERR562489.ERS488824","ERS488824","SGRP231932","aquatic","AMPLICON",22.9639845714286,19.0172,NA,27.1428571428571,982,23,19.0172,"Tropics_Subtropics","tropical",16
"ERR1756046.ERS492598","ERS492598","SGRP231932","aquatic","AMPLICON",22.9639845714286,-23.1,NA,27.1428571428571,1136,23,23.1,"Tropics_Subtropics","tropical",16
"SRR3295204.SRS1361764","SRS1361764","SGRP347243","aquatic;river","AMPLICON",23,24.14,7.96888888888889,NA,1179,23,24.14,"Tropics_Subtropics","tropical",16
"SRR3295203.SRS1361764","SRS1361764","SGRP347243","aquatic;river","AMPLICON",23,24.14,7.96888888888889,NA,1321,23,24.14,"Tropics_Subtropics","tropical",16
"SRR3295193.SRS1361760","SRS1361760","SGRP347243","aquatic;river","AMPLICON",23,18.465,7.96888888888889,NA,1376,23,18.465,"Tropics_Subtropics","tropical",16
"SRR3295205.SRS1361764","SRS1361764","SGRP347243","aquatic;river","AMPLICON",23,24.14,7.96888888888889,NA,1569,23,24.14,"Tropics_Subtropics","tropical",16
"SRR6078664.SRS2543006","SRS2543006","SGRP241973","aquatic;lake","AMPLICON",23.2093333333333,-22.0117,6.20333333333333,NA,1021,23,22.0117,"Tropics_Subtropics","tropical",16
"SRR6078661.SRS2543009","SRS2543009","SGRP241973","aquatic;lake","AMPLICON",23.2093333333333,-24.536472,6.20333333333333,NA,1069,23,24.536472,"Tropics_Subtropics","tropical",16
"SRR6078671.SRS2542999","SRS2542999","SGRP241973","aquatic;lake","AMPLICON",23.2093333333333,-22.182067,6.20333333333333,NA,1073,23,22.182067,"Tropics_Subtropics","tropical",16
"SRR6078673.SRS2542997","SRS2542997","SGRP241973","aquatic;lake","AMPLICON",23.2093333333333,-23.928796,6.20333333333333,NA,1098,23,23.928796,"Tropics_Subtropics","tropical",16
"SRR6078670.SRS2543000","SRS2543000","SGRP241973","aquatic;lake","AMPLICON",23.2093333333333,-22.621383,6.20333333333333,NA,1204,23,22.621383,"Tropics_Subtropics","tropical",16
"SRR6078672.SRS2542998","SRS2542998","SGRP241973","aquatic;lake","AMPLICON",23.2093333333333,-23.586667,6.20333333333333,NA,996,23,23.586667,"Tropics_Subtropics","tropical",16
"ERR562429.ERS490446","ERS490446","SGRP253434","aquatic","AMPLICON",23.2260244,-8.7788,NA,5,1652,23,8.7788,"Tropics_Subtropics","tropical",16
"ERR562564.ERS490341","ERS490341","SGRP253434","aquatic","AMPLICON",23.2260244,-20.3976,NA,5,1454,23,20.3976,"Tropics_Subtropics","tropical",16
"ERR1879837.ERS490405","ERS490405","SGRP253434","aquatic","AMPLICON",23.2260244,-9.2815,NA,5,1607,23,9.2815,"Tropics_Subtropics","tropical",16
"ERR1879715.ERS490405","ERS490405","SGRP253434","aquatic","AMPLICON",23.2260244,-9.2815,NA,5,1256,23,9.2815,"Tropics_Subtropics","tropical",16
"ERR1879787.ERS493109","ERS493109","SGRP253406","aquatic","AMPLICON",23.7600475714286,0.0328,NA,63.5714285714286,2037,24,0.0328,"Tropics_Subtropics","tropical",17
"ERR1879674.ERS493055","ERS493055","SGRP253406","aquatic","AMPLICON",23.7600475714286,0.0095,NA,63.5714285714286,1917,24,0.0095,"Tropics_Subtropics","tropical",17
"ERR1879829.ERS493610","ERS493610","SGRP253406","aquatic","AMPLICON",23.7600475714286,17.0612,NA,63.5714285714286,1377,24,17.0612,"Tropics_Subtropics","tropical",17
"ERR1879752.ERS492050","ERS492050","SGRP253406","aquatic","AMPLICON",23.7600475714286,0.0422,NA,63.5714285714286,1684,24,0.0422,"Tropics_Subtropics","tropical",17
"ERR1879852.ERS493643","ERS493643","SGRP253406","aquatic","AMPLICON",23.7600475714286,14.2017,NA,63.5714285714286,1716,24,14.2017,"Tropics_Subtropics","tropical",17
"ERR1756159.ERS492538","ERS492538","SGRP231911","aquatic","AMPLICON",23.9694431666667,-23.1,NA,5,1963,24,23.1,"Tropics_Subtropics","tropical",17
"ERR1756039.ERS492560","ERS492560","SGRP231911","aquatic","AMPLICON",23.9694431666667,-23.2,NA,5,1685,24,23.2,"Tropics_Subtropics","tropical",17
"ERR1756181.ERS492572","ERS492572","SGRP231911","aquatic","AMPLICON",23.9694431666667,-23.2,NA,5,1519,24,23.2,"Tropics_Subtropics","tropical",17
"ERR1755957.ERS492516","ERS492516","SGRP231908","aquatic","AMPLICON",24.0596666,-23.1107,NA,5,1915,24,23.1107,"Tropics_Subtropics","tropical",17
"SRR5557886.SRS2198749","SRS2198749","SGRP234863","aquatic","AMPLICON",24.0795,21.49436,8.1444,10,1373,24,21.49436,"Tropics_Subtropics","tropical",17
"SRR5557889.SRS2198745","SRS2198745","SGRP234863","aquatic","AMPLICON",24.0795,21.49436,8.1444,10,1315,24,21.49436,"Tropics_Subtropics","tropical",17
"SRR5557887.SRS2198748","SRS2198748","SGRP234863","aquatic","AMPLICON",24.0795,21.49436,8.1444,10,1345,24,21.49436,"Tropics_Subtropics","tropical",17
"ERR1755965.ERS491816","ERS491816","SGRP231871","aquatic","AMPLICON",24.3934284285714,-21.1556,NA,5,1638,24,21.1556,"Tropics_Subtropics","tropical",17
"ERR1879917.ERS491814","ERS491814","SGRP231871","aquatic","AMPLICON",24.3934284285714,-21.1556,NA,5,1620,24,21.1556,"Tropics_Subtropics","tropical",17
"ERR1879929.ERS491611","ERS491611","SGRP231871","aquatic","AMPLICON",24.3934284285714,-28.1483,NA,5,1312,24,28.1483,"Tropics_Subtropics","tropical",17
"ERR1755912.ERS491613","ERS491613","SGRP231871","aquatic","AMPLICON",24.3934284285714,-28.1483,NA,5,1427,24,28.1483,"Tropics_Subtropics","tropical",17
"ERR562500.ERS491719","ERS491719","SGRP231871","aquatic","AMPLICON",24.3934284285714,-25.8126,NA,5,1391,24,25.8126,"Tropics_Subtropics","tropical",17
"ERR1756209.ERS492428","ERS492428","SGRP67714","aquatic","AMPLICON",24.5064613466667,-23.24,NA,106,1087,25,23.24,"Tropics_Subtropics","tropical",27
"SRR5557942.SRS2198692","SRS2198692","SGRP234873","aquatic","AMPLICON",24.554,21.32166,8.15633333333333,10,1068,25,21.32166,"Tropics_Subtropics","tropical",27
"SRR5557917.SRS2198717","SRS2198717","SGRP234873","aquatic","AMPLICON",24.554,21.30633,8.15633333333333,10,1186,25,21.30633,"Tropics_Subtropics","tropical",27
"SRR5557941.SRS2198693","SRS2198693","SGRP234873","aquatic","AMPLICON",24.554,21.32356,8.15633333333333,10,1051,25,21.32356,"Tropics_Subtropics","tropical",27
"SRR5557933.SRS2198701","SRS2198701","SGRP234873","aquatic","AMPLICON",24.554,21.492616,8.15633333333333,10,1202,25,21.492616,"Tropics_Subtropics","tropical",27
"SRR5557899.SRS2198734","SRS2198734","SGRP234873","aquatic","AMPLICON",24.554,21.49436,8.15633333333333,10,1182,25,21.49436,"Tropics_Subtropics","tropical",27
"SRR5557898.SRS2198736","SRS2198736","SGRP234873","aquatic","AMPLICON",24.554,21.32248,8.15633333333333,10,969,25,21.32248,"Tropics_Subtropics","tropical",27
"ERR562449.ERS488915","ERS488915","SGRP231842","aquatic","AMPLICON",24.7445761176471,18.5568,NA,27.3529411764706,1075,25,18.5568,"Tropics_Subtropics","tropical",27
"ERR1756277.ERS492245","ERS492245","SGRP79296","aquatic","AMPLICON",24.751359,-1.972,NA,3.95238095238095,1077,25,1.972,"Tropics_Subtropics","tropical",27
"ERR1756327.ERS494036","ERS494036","SGRP231795","aquatic","AMPLICON",24.89523,29.7348,NA,22.5,1968,25,29.7348,"Tropics_Subtropics","tropical",27
"ERR1879660.ERS494034","ERS494034","SGRP231795","aquatic","AMPLICON",24.89523,29.7348,NA,22.5,1940,25,29.7348,"Tropics_Subtropics","tropical",27
"ERR1879814.ERS494034","ERS494034","SGRP231795","aquatic","AMPLICON",24.89523,29.7348,NA,22.5,1892,25,29.7348,"Tropics_Subtropics","tropical",27
"ERR1756350.ERS494087","ERS494087","SGRP231795","aquatic","AMPLICON",24.89523,29.8982,NA,22.5,1790,25,29.8982,"Tropics_Subtropics","tropical",27
"ERR1879889.ERS494085","ERS494085","SGRP231795","aquatic","AMPLICON",24.89523,29.8982,NA,22.5,1492,25,29.8982,"Tropics_Subtropics","tropical",27
"ERR1879673.ERS494085","ERS494085","SGRP231795","aquatic","AMPLICON",24.89523,29.8982,NA,22.5,1774,25,29.8982,"Tropics_Subtropics","tropical",27
"ERR562461.ERS492330","ERS492330","SGRP254627","aquatic","AMPLICON",25.013895,-16.9554,NA,28.3333333333333,1277,25,16.9554,"Tropics_Subtropics","tropical",27
"ERR562568.ERS492650","ERS492650","SGRP254627","aquatic","AMPLICON",25.013895,-8.9721,NA,28.3333333333333,1450,25,8.9721,"Tropics_Subtropics","tropical",27
"ERR562518.ERS492824","ERS492824","SGRP254627","aquatic","AMPLICON",25.013895,-9.1552,NA,28.3333333333333,1326,25,9.1552,"Tropics_Subtropics","tropical",27
"ERR562470.ERS488695","ERS488695","SGRP254627","aquatic","AMPLICON",25.013895,18.49,NA,28.3333333333333,1114,25,18.49,"Tropics_Subtropics","tropical",27
"ERR562421.ERS492369","ERS492369","SGRP254627","aquatic","AMPLICON",25.013895,-16.9687,NA,28.3333333333333,1331,25,16.9687,"Tropics_Subtropics","tropical",27
"ERR562437.ERS492895","ERS492895","SGRP254627","aquatic","AMPLICON",25.013895,-8.895,NA,28.3333333333333,1270,25,8.895,"Tropics_Subtropics","tropical",27
"ERR562482.ERS488678","ERS488678","SGRP231788","aquatic","AMPLICON",25.3425148275862,18.3983,NA,37.75,1178,25,18.3983,"Tropics_Subtropics","tropical",27
"ERR1756312.ERS489480","ERS489480","SGRP231788","aquatic","AMPLICON",25.3425148275862,-21.4475,NA,37.75,1491,25,21.4475,"Tropics_Subtropics","tropical",27
"ERR1879834.ERS492983","ERS492983","SGRP231788","aquatic","AMPLICON",25.3425148275862,-6.6306,NA,37.75,1379,25,6.6306,"Tropics_Subtropics","tropical",27
"ERR1756070.ERS489311","ERS489311","SGRP231788","aquatic","AMPLICON",25.3425148275862,-2.0423,NA,37.75,1222,25,2.0423,"Tropics_Subtropics","tropical",27
"ERR1756076.ERS493274","ERS493274","SGRP231788","aquatic","AMPLICON",25.3425148275862,22.7303,NA,37.75,955,25,22.7303,"Tropics_Subtropics","tropical",27
"ERR1755979.ERS494064","ERS494064","SGRP231788","aquatic","AMPLICON",25.3425148275862,29.8227,NA,37.75,1190,25,29.8227,"Tropics_Subtropics","tropical",27
"ERR1879672.ERS488991","ERS488991","SGRP231780","aquatic","AMPLICON",25.8678170416667,17.4822,NA,22.7083333333333,1580,26,17.4822,"Tropics_Subtropics","tropical",20
"ERR1879749.ERS488980","ERS488980","SGRP231780","aquatic","AMPLICON",25.8678170416667,17.4854,NA,22.7083333333333,1713,26,17.4854,"Tropics_Subtropics","tropical",20
"ERR1879828.ERS488980","ERS488980","SGRP231780","aquatic","AMPLICON",25.8678170416667,17.4854,NA,22.7083333333333,1423,26,17.4854,"Tropics_Subtropics","tropical",20
"ERR1756342.ERS493860","ERS493860","SGRP231780","aquatic","AMPLICON",25.8678170416667,6.4791,NA,22.7083333333333,1307,26,6.4791,"Tropics_Subtropics","tropical",20
"ERR1879762.ERS488991","ERS488991","SGRP231780","aquatic","AMPLICON",25.8678170416667,17.4822,NA,22.7083333333333,1354,26,17.4822,"Tropics_Subtropics","tropical",20
"ERR1879947.ERS488980","ERS488980","SGRP231780","aquatic","AMPLICON",25.8678170416667,17.4854,NA,22.7083333333333,1254,26,17.4854,"Tropics_Subtropics","tropical",20
"ERR1879915.ERS493197","ERS493197","SGRP231824","aquatic","AMPLICON",25.9596033333333,11.24,NA,5,1265,26,11.24,"Tropics_Subtropics","tropical",20
"SRR5557891.SRS2198743","SRS2198743","SGRP20607","aquatic","AMPLICON",25.998,21.30625,8.10266666666667,32.1111111111111,1259,26,21.30625,"Tropics_Subtropics","tropical",20
"ERR1756056.ERS492965","ERS492965","SGRP231897","aquatic","AMPLICON",26.0572897142857,-11.9785,NA,5,1678,26,11.9785,"Tropics_Subtropics","tropical",20
"ERR562702.ERS492825","ERS492825","SGRP231897","aquatic","AMPLICON",26.0572897142857,-9.1552,NA,5,1212,26,9.1552,"Tropics_Subtropics","tropical",20
"ERR1879718.ERS492959","ERS492959","SGRP231897","aquatic","AMPLICON",26.0572897142857,-11.986,NA,5,2009,26,11.986,"Tropics_Subtropics","tropical",20
"ERR1755999.ERS492965","ERS492965","SGRP231897","aquatic","AMPLICON",26.0572897142857,-11.9785,NA,5,1482,26,11.9785,"Tropics_Subtropics","tropical",20
"ERR562452.ERS492332","ERS492332","SGRP231897","aquatic","AMPLICON",26.0572897142857,-16.9554,NA,5,1287,26,16.9554,"Tropics_Subtropics","tropical",20
"ERR1755968.ERS489857","ERS489857","SGRP231778","aquatic","AMPLICON",26.1285828333333,-17.5656,NA,15.1666666666667,1597,26,17.5656,"Tropics_Subtropics","tropical",20
"ERR1755954.ERS489896","ERS489896","SGRP231778","aquatic","AMPLICON",26.1285828333333,-22.3407,NA,15.1666666666667,1531,26,22.3407,"Tropics_Subtropics","tropical",20
"ERR1756075.ERS489747","ERS489747","SGRP231778","aquatic","AMPLICON",26.1285828333333,-17.0283,NA,15.1666666666667,1813,26,17.0283,"Tropics_Subtropics","tropical",20
"ERR1755991.ERS489785","ERS489785","SGRP231778","aquatic","AMPLICON",26.1285828333333,-17.4989,NA,15.1666666666667,1612,26,17.4989,"Tropics_Subtropics","tropical",20
"ERR1756073.ERS489747","ERS489747","SGRP231778","aquatic","AMPLICON",26.1285828333333,-17.0283,NA,15.1666666666667,1734,26,17.0283,"Tropics_Subtropics","tropical",20
"ERR1755981.ERS493768","ERS493768","SGRP231797","aquatic","AMPLICON",26.3839294166667,14.3284,NA,11.6666666666667,1274,26,14.3284,"Tropics_Subtropics","tropical",20
"ERR1756241.ERS492092","ERS492092","SGRP231797","aquatic","AMPLICON",26.3839294166667,0.09,NA,11.6666666666667,1473,26,0.09,"Tropics_Subtropics","tropical",20
"ERR1879688.ERS493130","ERS493130","SGRP231906","aquatic","AMPLICON",26.6114732,6.8596,NA,34,1324,27,6.8596,"Tropics_Subtropics","tropical",45
"ERR1879681.ERS492788","ERS492788","SGRP231906","aquatic","AMPLICON",26.6114732,-8.896,NA,34,1463,27,8.896,"Tropics_Subtropics","tropical",45
"ERR562391.ERS488809","ERS488809","SGRP231875","aquatic","AMPLICON",26.7004,19.0342,NA,5,1267,27,19.0342,"Tropics_Subtropics","tropical",45
"ERR1756062.ERS488885","ERS488885","SGRP231875","aquatic","AMPLICON",26.7004,18.5706,NA,5,1046,27,18.5706,"Tropics_Subtropics","tropical",45
"ERR654521.ERS488885","ERS488885","SGRP231875","aquatic","AMPLICON",26.7004,18.5706,NA,5,1270,27,18.5706,"Tropics_Subtropics","tropical",45
"ERR654526.ERS488885","ERS488885","SGRP231875","aquatic","AMPLICON",26.7004,18.5706,NA,5,1327,27,18.5706,"Tropics_Subtropics","tropical",45
"ERR1756165.ERS488885","ERS488885","SGRP231875","aquatic","AMPLICON",26.7004,18.5706,NA,5,1231,27,18.5706,"Tropics_Subtropics","tropical",45
"ERR1756071.ERS493199","ERS493199","SGRP231815","aquatic","AMPLICON",26.8446268888889,11.24,NA,5,1389,27,11.24,"Tropics_Subtropics","tropical",45
"ERR1879751.ERS493222","ERS493222","SGRP231815","aquatic","AMPLICON",26.8446268888889,22.7306,NA,5,2159,27,22.7306,"Tropics_Subtropics","tropical",45
"ERR1756092.ERS493224","ERS493224","SGRP231815","aquatic","AMPLICON",26.8446268888889,22.7306,NA,5,1486,27,22.7306,"Tropics_Subtropics","tropical",45
"ERR1756017.ERS489452","ERS489452","SGRP231815","aquatic","AMPLICON",26.8446268888889,-21.4603,NA,5,1705,27,21.4603,"Tropics_Subtropics","tropical",45
"ERR1756186.ERS489377","ERS489377","SGRP231815","aquatic","AMPLICON",26.8446268888889,-21.4757,NA,5,1848,27,21.4757,"Tropics_Subtropics","tropical",45
"ERR1756171.ERS493199","ERS493199","SGRP231815","aquatic","AMPLICON",26.8446268888889,11.24,NA,5,1461,27,11.24,"Tropics_Subtropics","tropical",45
"ERR1756080.ERS493761","ERS493761","SGRP231815","aquatic","AMPLICON",26.8446268888889,6.3315,NA,5,2055,27,6.3315,"Tropics_Subtropics","tropical",45
"ERR1755949.ERS493224","ERS493224","SGRP231815","aquatic","AMPLICON",26.8446268888889,22.7306,NA,5,1518,27,22.7306,"Tropics_Subtropics","tropical",45
"ERR1879703.ERS493759","ERS493759","SGRP231815","aquatic","AMPLICON",26.8446268888889,6.3315,NA,5,2057,27,6.3315,"Tropics_Subtropics","tropical",45
"ERR1755943.ERS492985","ERS492985","SGRP231799","aquatic","AMPLICON",26.9919008333333,-6.6306,NA,24.1666666666667,1764,27,6.6306,"Tropics_Subtropics","tropical",45
"ERR1756234.ERS493645","ERS493645","SGRP231799","aquatic","AMPLICON",26.9919008333333,14.2017,NA,24.1666666666667,1724,27,14.2017,"Tropics_Subtropics","tropical",45
"ERR1756253.ERS493111","ERS493111","SGRP231799","aquatic","AMPLICON",26.9919008333333,0.0328,NA,24.1666666666667,1393,27,0.0328,"Tropics_Subtropics","tropical",45
"ERR1756161.ERS493132","ERS493132","SGRP231799","aquatic","AMPLICON",26.9919008333333,6.8596,NA,24.1666666666667,1577,27,6.8596,"Tropics_Subtropics","tropical",45
"ERR1756221.ERS493057","ERS493057","SGRP231799","aquatic","AMPLICON",26.9919008333333,0.0095,NA,24.1666666666667,2186,27,0.0095,"Tropics_Subtropics","tropical",45
"ERR1756154.ERS493111","ERS493111","SGRP231799","aquatic","AMPLICON",26.9919008333333,0.0328,NA,24.1666666666667,1306,27,0.0328,"Tropics_Subtropics","tropical",45
"ERR1756332.ERS493175","ERS493175","SGRP231799","aquatic","AMPLICON",26.9919008333333,6.6768,NA,24.1666666666667,1103,27,6.6768,"Tropics_Subtropics","tropical",45
"ERR1756237.ERS492985","ERS492985","SGRP231799","aquatic","AMPLICON",26.9919008333333,-6.6306,NA,24.1666666666667,1301,27,6.6306,"Tropics_Subtropics","tropical",45
"ERR1756149.ERS493645","ERS493645","SGRP231799","aquatic","AMPLICON",26.9919008333333,14.2017,NA,24.1666666666667,1049,27,14.2017,"Tropics_Subtropics","tropical",45
"ERR1756115.ERS492052","ERS492052","SGRP231799","aquatic","AMPLICON",26.9919008333333,0.0422,NA,24.1666666666667,1747,27,0.0422,"Tropics_Subtropics","tropical",45
"ERR1756227.ERS493175","ERS493175","SGRP231799","aquatic","AMPLICON",26.9919008333333,6.6768,NA,24.1666666666667,1825,27,6.6768,"Tropics_Subtropics","tropical",45
"ERR1756250.ERS493132","ERS493132","SGRP231799","aquatic","AMPLICON",26.9919008333333,6.8596,NA,24.1666666666667,1189,27,6.8596,"Tropics_Subtropics","tropical",45
"ERR1756096.ERS492064","ERS492064","SGRP231941","aquatic","AMPLICON",27.123876,0.0294,NA,20.8333333333333,1035,27,0.0294,"Tropics_Subtropics","tropical",45
"ERR562576.ERS492184","ERS492184","SGRP231941","aquatic","AMPLICON",27.123876,2.0663,NA,20.8333333333333,1291,27,2.0663,"Tropics_Subtropics","tropical",45
"ERR654528.ERS489054","ERS489054","SGRP253451","aquatic","AMPLICON",27.1655202105263,14.5,NA,13.6842105263158,1816,27,14.5,"Tropics_Subtropics","tropical",45
"ERR562626.ERS489037","ERS489037","SGRP253451","aquatic","AMPLICON",27.1655202105263,14.6047,NA,13.6842105263158,1295,27,14.6047,"Tropics_Subtropics","tropical",45
"ERR562497.ERS488896","ERS488896","SGRP253451","aquatic","AMPLICON",27.1655202105263,18.5664,NA,13.6842105263158,1218,27,18.5664,"Tropics_Subtropics","tropical",45
"ERR1879809.ERS488967","ERS488967","SGRP253451","aquatic","AMPLICON",27.1655202105263,17.5009,NA,13.6842105263158,1307,27,17.5009,"Tropics_Subtropics","tropical",45
"ERR1879876.ERS488967","ERS488967","SGRP253451","aquatic","AMPLICON",27.1655202105263,17.5009,NA,13.6842105263158,1578,27,17.5009,"Tropics_Subtropics","tropical",45
"ERR1879675.ERS488967","ERS488967","SGRP253451","aquatic","AMPLICON",27.1655202105263,17.5009,NA,13.6842105263158,1153,27,17.5009,"Tropics_Subtropics","tropical",45
"ERR1879931.ERS488967","ERS488967","SGRP253451","aquatic","AMPLICON",27.1655202105263,17.5009,NA,13.6842105263158,1025,27,17.5009,"Tropics_Subtropics","tropical",45
"ERR562374.ERS489067","ERS489067","SGRP253451","aquatic","AMPLICON",27.1655202105263,14.5596,NA,13.6842105263158,1034,27,14.5596,"Tropics_Subtropics","tropical",45
"ERR1879705.ERS488967","ERS488967","SGRP253451","aquatic","AMPLICON",27.1655202105263,17.5009,NA,13.6842105263158,1864,27,17.5009,"Tropics_Subtropics","tropical",45
"ERR562645.ERS488902","ERS488902","SGRP253451","aquatic","AMPLICON",27.1655202105263,18.5734,NA,13.6842105263158,1342,27,18.5734,"Tropics_Subtropics","tropical",45
"ERR562559.ERS488900","ERS488900","SGRP254681","aquatic","AMPLICON",27.2061,18.5701,NA,5,1330,27,18.5701,"Tropics_Subtropics","tropical",45
"ERR562593.ERS488900","ERS488900","SGRP254681","aquatic","AMPLICON",27.2061,18.5701,NA,5,997,27,18.5701,"Tropics_Subtropics","tropical",45
"ERR3770613.ERS4186737","ERS4186737","SGRP111625","aquatic","AMPLICON",27.4,19.41718333,8.20433333333333,0,1094,27,19.41718333,"Tropics_Subtropics","tropical",45
"ERR3770615.ERS4186739","ERS4186739","SGRP111625","aquatic","AMPLICON",27.4,19.41718333,8.20433333333333,0,1072,27,19.41718333,"Tropics_Subtropics","tropical",45
"ERR3770641.ERS4186765","ERS4186765","SGRP111625","aquatic","AMPLICON",27.4,19.44618333,8.20433333333333,0,1216,27,19.44618333,"Tropics_Subtropics","tropical",45
"ERR3771014.ERS4187142","ERS4187142","SGRP111622","aquatic","AMPLICON",28.15,19.41843333,8.142,0,1709,28,19.41843333,"Tropics_Subtropics","tropical",18
"ERR3771020.ERS4187148","ERS4187148","SGRP111622","aquatic","AMPLICON",28.15,19.41983333,8.142,0,1582,28,19.41983333,"Tropics_Subtropics","tropical",18
"ERR3771022.ERS4187150","ERS4187150","SGRP111622","aquatic","AMPLICON",28.15,19.41983333,8.142,0,1692,28,19.41983333,"Tropics_Subtropics","tropical",18
"ERR3771016.ERS4187144","ERS4187144","SGRP111622","aquatic","AMPLICON",28.15,19.41843333,8.142,0,1605,28,19.41843333,"Tropics_Subtropics","tropical",18
"ERR3771018.ERS4187146","ERS4187146","SGRP111622","aquatic","AMPLICON",28.15,19.41983333,8.142,0,1789,28,19.41983333,"Tropics_Subtropics","tropical",18
"ERR3771060.ERS4187188","ERS4187188","SGRP111622","aquatic","AMPLICON",28.15,19.47396667,8.142,0,1525,28,19.47396667,"Tropics_Subtropics","tropical",18
"ERR3771012.ERS4187140","ERS4187140","SGRP111622","aquatic","AMPLICON",28.15,19.41843333,8.142,0,1590,28,19.41843333,"Tropics_Subtropics","tropical",18
"ERR3771021.ERS4187149","ERS4187149","SGRP111629","aquatic","AMPLICON",28.15,19.41983333,8.142,0,2130,28,19.41983333,"Tropics_Subtropics","tropical",18
"ERR3771061.ERS4187189","ERS4187189","SGRP111629","aquatic","AMPLICON",28.15,19.47396667,8.142,0,1752,28,19.47396667,"Tropics_Subtropics","tropical",18
"ERR3771063.ERS4187191","ERS4187191","SGRP111629","aquatic","AMPLICON",28.15,19.47396667,8.142,0,1723,28,19.47396667,"Tropics_Subtropics","tropical",18
"ERR3771015.ERS4187143","ERS4187143","SGRP111629","aquatic","AMPLICON",28.15,19.41843333,8.142,0,2016,28,19.41843333,"Tropics_Subtropics","tropical",18
"ERR3771059.ERS4187187","ERS4187187","SGRP111629","aquatic","AMPLICON",28.15,19.47396667,8.142,0,1799,28,19.47396667,"Tropics_Subtropics","tropical",18
"ERR3771065.ERS4187193","ERS4187193","SGRP111629","aquatic","AMPLICON",28.15,19.47316667,8.142,0,1666,28,19.47316667,"Tropics_Subtropics","tropical",18
"ERR3771011.ERS4187139","ERS4187139","SGRP111629","aquatic","AMPLICON",28.15,19.41843333,8.142,0,1982,28,19.41843333,"Tropics_Subtropics","tropical",18
"ERR3771017.ERS4187145","ERS4187145","SGRP111629","aquatic","AMPLICON",28.15,19.41983333,8.142,0,2197,28,19.41983333,"Tropics_Subtropics","tropical",18
"ERR3771019.ERS4187147","ERS4187147","SGRP111629","aquatic","AMPLICON",28.15,19.41983333,8.142,0,1918,28,19.41983333,"Tropics_Subtropics","tropical",18
"ERR3771067.ERS4187195","ERS4187195","SGRP111629","aquatic","AMPLICON",28.15,19.47316667,8.142,0,1691,28,19.47316667,"Tropics_Subtropics","tropical",18
"ERR3771013.ERS4187141","ERS4187141","SGRP111629","aquatic","AMPLICON",28.15,19.41843333,8.142,0,2091,28,19.41843333,"Tropics_Subtropics","tropical",18
"ERR1756317.ERS489691","ERS489691","SGRP231814","aquatic","AMPLICON",28.6159526666667,-12.7907,NA,5,1293,29,12.7907,"Tropics_Subtropics","tropical",24
"ERR1756084.ERS489631","ERS489631","SGRP231814","aquatic","AMPLICON",28.6159526666667,-13.0782,NA,5,1627,29,13.0782,"Tropics_Subtropics","tropical",24
"ERR1756361.ERS489818","ERS489818","SGRP231814","aquatic","AMPLICON",28.6159526666667,-17.4971,NA,5,1192,29,17.4971,"Tropics_Subtropics","tropical",24
"SRR2097431.SRS987957","SRS987957","SGRP9106","aquatic","AMPLICON",28.6621621621622,21.889675,NA,25.655,1140,29,21.889675,"Tropics_Subtropics","tropical",24
"SRR1593665.SRS713838","SRS713838","SGRP285942","aquatic","AMPLICON",28.975,-23.4425,7.93,NA,1044,29,23.4425,"Tropics_Subtropics","tropical",24
"SRR1593647.SRS713820","SRS713820","SGRP285942","aquatic","AMPLICON",28.975,-23.4425,7.93,NA,1256,29,23.4425,"Tropics_Subtropics","tropical",24
"SRR1593649.SRS713822","SRS713822","SGRP285942","aquatic","AMPLICON",28.975,-23.4425,7.93,NA,1379,29,23.4425,"Tropics_Subtropics","tropical",24
"SRR1593659.SRS713831","SRS713831","SGRP285942","aquatic","AMPLICON",28.975,-23.4425,7.93,NA,899,29,23.4425,"Tropics_Subtropics","tropical",24
"SRR1593648.SRS713821","SRS713821","SGRP285942","aquatic","AMPLICON",28.975,-23.4425,7.93,NA,1277,29,23.4425,"Tropics_Subtropics","tropical",24
"SRR1593660.SRS713833","SRS713833","SGRP285942","aquatic","AMPLICON",28.975,-23.4425,7.93,NA,1400,29,23.4425,"Tropics_Subtropics","tropical",24
"SRR1593646.SRS713819","SRS713819","SGRP285942","aquatic","AMPLICON",28.975,-23.4425,7.93,NA,1255,29,23.4425,"Tropics_Subtropics","tropical",24
"SRR1593662.SRS713835","SRS713835","SGRP285942","aquatic","AMPLICON",28.975,-23.4425,7.93,NA,1177,29,23.4425,"Tropics_Subtropics","tropical",24
"SRR1593652.SRS713824","SRS713824","SGRP285942","aquatic","AMPLICON",28.975,-23.4425,7.93,NA,1111,29,23.4425,"Tropics_Subtropics","tropical",24
"SRR1593658.SRS713832","SRS713832","SGRP285942","aquatic","AMPLICON",28.975,-23.4425,7.93,NA,930,29,23.4425,"Tropics_Subtropics","tropical",24
"SRR1593663.SRS713836","SRS713836","SGRP285942","aquatic","AMPLICON",28.975,-23.4425,7.93,NA,1279,29,23.4425,"Tropics_Subtropics","tropical",24
"SRR1593653.SRS713825","SRS713825","SGRP285942","aquatic","AMPLICON",28.975,-23.4425,7.93,NA,1098,29,23.4425,"Tropics_Subtropics","tropical",24
"SRR1593654.SRS713827","SRS713827","SGRP285942","aquatic","AMPLICON",28.975,-23.4425,7.93,NA,1209,29,23.4425,"Tropics_Subtropics","tropical",24
"SRR1593655.SRS713828","SRS713828","SGRP285942","aquatic","AMPLICON",28.975,-23.4425,7.93,NA,1035,29,23.4425,"Tropics_Subtropics","tropical",24
"SRR1593664.SRS713837","SRS713837","SGRP285942","aquatic","AMPLICON",28.975,-23.4425,7.93,NA,1290,29,23.4425,"Tropics_Subtropics","tropical",24
"SRR1593661.SRS713834","SRS713834","SGRP285942","aquatic","AMPLICON",28.975,-23.4425,7.93,NA,1009,29,23.4425,"Tropics_Subtropics","tropical",24
"SRR1593650.SRS713823","SRS713823","SGRP285942","aquatic","AMPLICON",28.975,-23.4425,7.93,NA,1147,29,23.4425,"Tropics_Subtropics","tropical",24
"ERR1756074.ERS489351","ERS489351","SGRP231821","aquatic","AMPLICON",29.3968482,-16.8082,NA,5,1357,29,16.8082,"Tropics_Subtropics","tropical",24
"ERR1756197.ERS489158","ERS489158","SGRP231821","aquatic","AMPLICON",29.3968482,4.6598,NA,5,1454,29,4.6598,"Tropics_Subtropics","tropical",24
"ERR1756166.ERS489289","ERS489289","SGRP231821","aquatic","AMPLICON",29.3968482,-0.6625,NA,5,1744,29,0.6625,"Tropics_Subtropics","tropical",24
"ERR562583.ERS489336","ERS489336","SGRP254698","aquatic","AMPLICON",29.845967,-9.4165,NA,0.95,277,30,9.4165,"Tropics_Subtropics","tropical",2
"SRR5165316.SRS1913835","SRS1913835","SGRP103346","aquatic","AMPLICON",30,28.1753,NA,NA,155,30,28.1753,"Tropics_Subtropics","tropical",2
